id,state,active,goal_type,function_min,function_max,function_nominal,target_data_type,target_min,target_max,priority,weight,order
DemandRange,QDistribution,1,range,0,3,1.4,timeseries,Qdistribution_min,Qdem,10,1,1
TreatmentCapacity,QTreatment,1,range,0,3,1.25,value,,1.265,20,1,1
QintCapacity,Qint,1,range,0,3.1,2,timeseries,,QintMax,20,1,1
QaddCapacity,Qadd,1,range,0,1,0.1,timeseries,,QaddMax,20,1,1
ASRStorageRange,ASRVolume,1,range,-1,5000001,2500000,timeseries,ASRVolume_min,ASRVolume_max,30,1,1
ProcessBasinRange,ProcessBasinVolume,1,range,-1,3000005,1500000,timeseries,ProcessBasinVolume_min,ProcessBasinVolume_max,30,1,1
ASRInjectionCapacity,QASRInjection,1,range,-0.01,3,0.2,timeseries,,QASRInjectionMax,40,1,2
ASRExtractionCapacity,QASRExtracted,1,range,-0.01,3,0.2,timeseries,,QASRExtractedMax,40,1,2
MinimizeShortage,QShortage,1,minimization_path,-0.1,3,0.001,value,0,,50,1,1
MinimizeTreatmentChange,QTreatment,1,range_rate_of_change,-1,1,0.1,value,-0.01,0.01,60,1,2
MinimizeASRThroughput,QASRThroughput,1,minimization_path,0,5,1,value,,,70,1,1
MinimizeQadd,Qadd,1,minimization_path,-0.1,1,0.1,value,,,80,1,1
SmoothQint,Qint,1,range_rate_of_change,-3,3,1.5,value,-0.5,0.5,90,1,1
