Time,Qdem,Qdistribution_min,QintMax,QaddMax,ProcessBasinVolume_min,ProcessBasinVolume_max,ASRVolume_min,ASRVolume_max,QASRInjectionMax,QASRExtractedMax
2000-01-01 00:00:00,1.101,0.9909,1.5,0.166,0,3000000,0,5000000,0.068,0
2000-01-08 00:00:00,1.103,0.9927,1.5,0.166,1000000,3000000,0,5000000,0.068,0
2000-01-15 00:00:00,1.105,0.9945,1.5,0.166,1000000,3000000,0,5000000,0.068,0
2000-01-22 00:00:00,1.107,0.9963,1.5,0.166,1000000,3000000,0,5000000,0.068,0
2000-01-29 00:00:00,1.11,0.999,1.5,0.166,1000000,3000000,0,5000000,0.068,0
2000-02-05 00:00:00,1.113,1.0017,1.5,0.166,1000000,3000000,0,5000000,0.068,0
2000-02-12 00:00:00,1.117,1.0053,1.5,0.166,1000000,3000000,0,5000000,0.068,0
2000-02-19 00:00:00,1.121,1.0089,1.5,0.166,1000000,3000000,0,5000000,0.068,0
2000-02-26 00:00:00,1.125,1.0125,1.5,0.166,1000000,3000000,0,5000000,0.068,0
2000-03-04 00:00:00,1.131,1.0179,1.5,0.166,1000000,3000000,0,5000000,0.068,0
2000-03-11 00:00:00,1.137,1.0233,1.5,0.166,1000000,3000000,0,5000000,0.068,0
2000-03-18 00:00:00,1.143,1.0287,1.5,0.166,1000000,3000000,0,5000000,0.068,0
2000-03-25 00:00:00,1.149,1.0341,1.5,0.166,1000000,3000000,0,5000000,0.068,0
2000-04-01 00:00:00,1.155,1.0395,1.5,0.166,1000000,3000000,0,5000000,0.068,0
2000-04-08 00:00:00,1.162,1.0458,1.5,0.166,1000000,3000000,0,5000000,0.068,0
2000-04-15 00:00:00,1.168,1.0512,1.5,0.166,1000000,3000000,0,5000000,0.068,0
2000-04-22 00:00:00,1.174,1.0566,1.5,0.166,1000000,3000000,0,5000000,0.068,0
2000-04-29 00:00:00,1.179,1.0611,1.5,0.166,1000000,3000000,0,5000000,0.068,0
2000-05-06 00:00:00,1.184,1.0656,1.5,0.166,1000000,3000000,0,5000000,0.068,0
2000-05-13 00:00:00,1.189,1.0701,1.5,0.166,1000000,3000000,0,5000000,0.068,0
2000-05-20 00:00:00,1.194,1.0746,1.5,0.166,1000000,3000000,0,5000000,0.068,0
2000-05-27 00:00:00,1.197,1.0773,1.5,0.166,1000000,3000000,0,5000000,0.068,0
2000-06-03 00:00:00,1.199,1.0791,1.5,0.166,1000000,3000000,0,5000000,0.068,0
2000-06-10 00:00:00,1.199,1.0791,1.5,0.166,1000000,3000000,0,5000000,0.068,0
2000-06-17 00:00:00,1.199,1.0791,1.5,0.166,1000000,3000000,0,5000000,0.068,0
2000-06-24 00:00:00,1.199,1.0791,1.5,0.166,1000000,3000000,0,5000000,0.068,0
2000-07-01 00:00:00,1.198,1.0782,1.5,0.166,1000000,3000000,0,5000000,0.068,0
2000-07-08 00:00:00,1.198,1.0782,1.5,0.166,1000000,3000000,0,5000000,0.068,0
2000-07-15 00:00:00,1.198,1.0782,1.5,0.166,1000000,3000000,0,5000000,0.068,0
2000-07-22 00:00:00,1.197,1.0773,1.5,0.166,1000000,3000000,0,5000000,0.068,0
2000-07-29 00:00:00,1.195,1.0755,1.5,0.166,1000000,3000000,0,5000000,0.068,0
2000-08-05 00:00:00,1.191,1.0719,1.5,0.166,1000000,3000000,0,5000000,0.068,0
2000-08-12 00:00:00,1.186,1.0674,1.5,0.166,1000000,3000000,0,5000000,0.068,0
2000-08-19 00:00:00,1.181,1.0629,1.5,0.166,1000000,3000000,0,5000000,0.068,0
2000-08-26 00:00:00,1.176,1.0584,1.5,0.166,1000000,3000000,0,5000000,0.068,0
2000-09-02 00:00:00,1.17,1.053,1.5,0.166,1000000,3000000,0,5000000,0.068,0
2000-09-09 00:00:00,1.164,1.0476,1.5,0.166,1000000,3000000,0,5000000,0.068,0
2000-09-16 00:00:00,1.158,1.0422,1.5,0.166,1000000,3000000,0,5000000,0.068,0
2000-09-23 00:00:00,1.152,1.0368,1.5,0.166,1000000,3000000,0,5000000,0.068,0
2000-09-30 00:00:00,1.145,1.0305,1.5,0.166,1000000,3000000,0,5000000,0.068,0
2000-10-07 00:00:00,1.138,1.0242,1.5,0.166,1000000,3000000,0,5000000,0.068,0
2000-10-14 00:00:00,1.132,1.0188,1.5,0.166,1000000,3000000,0,5000000,0.068,0
2000-10-21 00:00:00,1.127,1.0143,1.5,0.166,1000000,3000000,0,5000000,0.068,0
2000-10-28 00:00:00,1.121,1.0089,1.5,0.166,1000000,3000000,0,5000000,0.068,0
2000-11-04 00:00:00,1.117,1.0053,1.5,0.166,1000000,3000000,0,5000000,0.068,0
2000-11-11 00:00:00,1.112,1.0008,1.5,0.166,1000000,3000000,0,5000000,0.068,0
2000-11-18 00:00:00,1.108,0.9972,1.5,0.166,1000000,3000000,0,5000000,0.068,0
2000-11-25 00:00:00,1.105,0.9945,1.5,0.166,1000000,3000000,0,5000000,0.068,0
2000-12-02 00:00:00,1.102,0.9918,1.5,0.166,1000000,3000000,0,5000000,0.068,0
2000-12-09 00:00:00,1.1,0.99,1.5,0.166,1000000,3000000,0,5000000,0.068,0
2000-12-16 00:00:00,1.1,0.99,1.5,0.166,1000000,3000000,0,5000000,0.068,0
2000-12-23 00:00:00,1.101,0.9909,1.5,0.166,1000000,3000000,0,5000000,0.068,0
2000-12-30 00:00:00,1.102,0.9918,1.5,0.166,1000000,3000000,0,5000000,0.068,0
2001-01-06 00:00:00,1.103,0.9927,1.5,0.166,1000000,3000000,0,5000000,0.068,0.15
2001-01-13 00:00:00,1.105,0.9945,1.5,0.166,1000000,3000000,0,5000000,0.068,0.15
2001-01-20 00:00:00,1.107,0.9963,1.5,0.166,1000000,3000000,0,5000000,0.068,0.15
2001-01-27 00:00:00,1.11,0.999,1.5,0.166,1000000,3000000,0,5000000,0.068,0.15
2001-02-03 00:00:00,1.113,1.0017,1.5,0.166,1000000,3000000,0,5000000,0.068,0.15
2001-02-10 00:00:00,1.118,1.0062,1.5,0.166,1000000,3000000,0,5000000,0.068,0.15
2001-02-17 00:00:00,1.124,1.0116,1.5,0.166,1000000,3000000,0,5000000,0.068,0.15
2001-02-24 00:00:00,1.131,1.0179,1.5,0.166,1000000,3000000,0,5000000,0.068,0.15
2001-03-03 00:00:00,1.137,1.0233,1.5,0.166,1000000,3000000,0,5000000,0.068,0.15
2001-03-10 00:00:00,1.144,1.0296,1.5,0.166,1000000,3000000,0,5000000,0.068,0.15
2001-03-17 00:00:00,1.151,1.0359,1.5,0.166,1000000,3000000,0,5000000,0.068,0.15
2001-03-24 00:00:00,1.158,1.0422,1.5,0.166,1000000,3000000,0,5000000,0.068,0.15
2001-03-31 00:00:00,1.165,1.0485,1.5,0.166,1000000,3000000,0,5000000,0.068,0.15
2001-04-07 00:00:00,1.172,1.0548,1.5,0.166,1000000,3000000,0,5000000,0.068,0.15
2001-04-14 00:00:00,1.179,1.0611,1.5,0.166,1000000,3000000,0,5000000,0.068,0.15
2001-04-21 00:00:00,1.186,1.0674,1.5,0.166,1000000,3000000,0,5000000,0.068,0.15
2001-04-28 00:00:00,1.192,1.0728,1.5,0.166,1000000,3000000,0,5000000,0.068,0.15
2001-05-05 00:00:00,1.198,1.0782,1.5,0.166,1000000,3000000,0,5000000,0.068,0.15
2001-05-12 00:00:00,1.204,1.0836,1.5,0.166,1000000,3000000,0,5000000,0.068,0.15
2001-05-19 00:00:00,1.21,1.089,1.5,0.166,1000000,3000000,0,5000000,0.068,0.15
2001-05-26 00:00:00,1.213,1.0917,1.5,0.166,1000000,3000000,0,5000000,0.068,0.15
2001-06-02 00:00:00,1.216,1.0944,1.5,0.166,1000000,3000000,0,5000000,0.068,0.15
2001-06-09 00:00:00,1.218,1.0962,1.5,0.166,1000000,3000000,0,5000000,0.068,0.15
2001-06-16 00:00:00,1.219,1.0971,1.5,0.166,1000000,3000000,0,5000000,0.068,0.15
2001-06-23 00:00:00,1.221,1.0989,1.5,0.166,1000000,3000000,0,5000000,0.068,0.15
2001-06-30 00:00:00,1.222,1.0998,1.5,0.166,1000000,3000000,0,5000000,0.068,0.15
2001-07-07 00:00:00,1.222,1.0998,1.5,0.166,1000000,3000000,0,5000000,0.068,0.15
2001-07-14 00:00:00,1.222,1.0998,1.5,0.166,1000000,3000000,0,5000000,0.068,0.15
2001-07-21 00:00:00,1.221,1.0989,1.5,0.166,1000000,3000000,0,5000000,0.068,0.15
2001-07-28 00:00:00,1.219,1.0971,1.5,0.166,1000000,3000000,0,5000000,0.068,0.15
2001-08-04 00:00:00,1.215,1.0935,1.5,0.166,1000000,3000000,0,5000000,0.068,0.15
2001-08-11 00:00:00,1.211,1.0899,1.5,0.166,1000000,3000000,0,5000000,0.068,0.15
2001-08-18 00:00:00,1.207,1.0863,1.5,0.166,1000000,3000000,0,5000000,0.068,0.15
2001-08-25 00:00:00,1.203,1.0827,1.5,0.166,1000000,3000000,0,5000000,0.068,0.15
2001-09-01 00:00:00,1.198,1.0782,1.5,0.166,1000000,3000000,0,5000000,0.068,0.15
2001-09-08 00:00:00,1.193,1.0737,1.5,0.166,1000000,3000000,0,5000000,0.068,0.15
2001-09-15 00:00:00,1.187,1.0683,1.5,0.166,1000000,3000000,0,5000000,0.068,0.15
2001-09-22 00:00:00,1.182,1.0638,1.5,0.166,1000000,3000000,0,5000000,0.068,0.15
2001-09-29 00:00:00,1.176,1.0584,1.5,0.166,1000000,3000000,0,5000000,0.068,0.15
2001-10-06 00:00:00,1.171,1.0539,1.5,0.166,1000000,3000000,0,5000000,0.068,0.15
2001-10-13 00:00:00,1.166,1.0494,1.5,0.166,1000000,3000000,0,5000000,0.068,0.15
2001-10-20 00:00:00,1.161,1.0449,1.5,0.166,1000000,3000000,0,5000000,0.068,0.15
2001-10-27 00:00:00,1.155,1.0395,1.5,0.166,1000000,3000000,0,5000000,0.068,0.15
2001-11-03 00:00:00,1.15,1.035,1.5,0.166,1000000,3000000,0,5000000,0.068,0.15
2001-11-10 00:00:00,1.147,1.0323,1.5,0.166,1000000,3000000,0,5000000,0.068,0.15
2001-11-17 00:00:00,1.145,1.0305,1.5,0.166,1000000,3000000,0,5000000,0.068,0.15
2001-11-24 00:00:00,1.144,1.0296,1.5,0.166,1000000,3000000,0,5000000,0.068,0.15
2001-12-01 00:00:00,1.142,1.0278,1.5,0.166,1000000,3000000,0,5000000,0.068,0.15
2001-12-08 00:00:00,1.141,1.0269,1.5,0.166,1000000,3000000,0,5000000,0.068,0.15
2001-12-15 00:00:00,1.14,1.026,1.5,0.166,1000000,3000000,0,5000000,0.068,0.15
2001-12-22 00:00:00,1.14,1.026,1.5,0.166,1000000,3000000,0,5000000,0.068,0.15
2001-12-29 00:00:00,1.14,1.026,1.5,0.166,1000000,3000000,0,5000000,0.068,0.15
2002-01-05 00:00:00,1.141,1.0269,1.5,0.166,1000000,3000000,0,5000000,0.068,0.15
2002-01-12 00:00:00,1.144,1.0296,1.5,0.166,1000000,3000000,0,5000000,0.068,0.15
2002-01-19 00:00:00,1.148,1.0332,1.5,0.166,1000000,3000000,0,5000000,0.068,0.15
2002-01-26 00:00:00,1.153,1.0377,1.5,0.166,1000000,3000000,0,5000000,0.068,0.15
2002-02-02 00:00:00,1.158,1.0422,1.5,0.166,1000000,3000000,0,5000000,0.068,0.15
2002-02-09 00:00:00,1.163,1.0467,1.5,0.166,1000000,3000000,0,5000000,0.068,0.15
2002-02-16 00:00:00,1.17,1.053,1.5,0.166,1000000,3000000,0,5000000,0.068,0.15
2002-02-23 00:00:00,1.177,1.0593,1.5,0.166,1000000,3000000,0,5000000,0.068,0.15
2002-03-02 00:00:00,1.185,1.0665,1.5,0.166,1000000,3000000,0,5000000,0.068,0.15
2002-03-09 00:00:00,1.193,1.0737,1.5,0.166,1000000,3000000,0,5000000,0.068,0.15
2002-03-16 00:00:00,1.201,1.0809,1.5,0.166,1000000,3000000,0,5000000,0.068,0.15
2002-03-23 00:00:00,1.208,1.0872,1.5,0.166,1000000,3000000,0,5000000,0.068,0.15
2002-03-30 00:00:00,1.216,1.0944,1.5,0.166,1000000,3000000,0,5000000,0.068,0.15
2002-04-06 00:00:00,1.224,1.1016,1.5,0.166,1000000,3000000,0,5000000,0.068,0.15
2002-04-13 00:00:00,1.232,1.1088,1.5,0.166,1000000,3000000,0,5000000,0.068,0.15
2002-04-20 00:00:00,1.24,1.116,1.5,0.166,1000000,3000000,0,5000000,0.068,0.15
2002-04-27 00:00:00,1.248,1.1232,1.5,0.166,1000000,3000000,0,5000000,0.068,0.15
2002-05-04 00:00:00,1.255,1.1295,1.5,0.166,1000000,3000000,0,5000000,0.068,0.15
2002-05-11 00:00:00,1.261,1.1349,1.5,0.166,1000000,3000000,0,5000000,0.068,0.15
2002-05-18 00:00:00,1.266,1.1394,1.5,0.166,1000000,3000000,0,5000000,0.068,0.15
2002-05-25 00:00:00,1.272,1.1448,1.5,0.166,1000000,3000000,0,5000000,0.068,0.15
2002-06-01 00:00:00,1.277,1.1493,1.5,0.166,1000000,3000000,0,5000000,0.068,0.15
2002-06-08 00:00:00,1.281,1.1529,1.5,0.166,1000000,3000000,0,5000000,0.068,0.15
2002-06-15 00:00:00,1.283,1.1547,1.5,0.166,1000000,3000000,0,5000000,0.068,0.15
2002-06-22 00:00:00,1.283,1.1547,1.5,0.166,1000000,3000000,0,5000000,0.068,0.15
2002-06-29 00:00:00,1.282,1.1538,1.5,0.166,1000000,3000000,0,5000000,0.068,0.15
2002-07-06 00:00:00,1.282,1.1538,1.5,0.166,1000000,3000000,0,5000000,0.068,0.15
2002-07-13 00:00:00,1.281,1.1529,1.5,0.166,1000000,3000000,0,5000000,0.068,0.15
2002-07-20 00:00:00,1.28,1.152,1.5,0.166,1000000,3000000,0,5000000,0.068,0.15
2002-07-27 00:00:00,1.279,1.1511,1.5,0.166,1000000,3000000,0,5000000,0.068,0.15
2002-08-03 00:00:00,1.278,1.1502,1.5,0.166,1000000,3000000,0,5000000,0.068,0.15
2002-08-10 00:00:00,1.275,1.1475,1.5,0.166,1000000,3000000,0,5000000,0.068,0.15
2002-08-17 00:00:00,1.27,1.143,1.5,0.166,1000000,3000000,0,5000000,0.068,0.15
2002-08-24 00:00:00,1.265,1.1385,1.5,0.166,1000000,3000000,0,5000000,0.068,0.15
2002-08-31 00:00:00,1.259,1.1331,1.5,0.166,1000000,3000000,0,5000000,0.068,0.15
2002-09-07 00:00:00,1.253,1.1277,1.5,0.166,1000000,3000000,0,5000000,0.068,0.15
2002-09-14 00:00:00,1.247,1.1223,1.5,0.166,1000000,3000000,0,5000000,0.068,0.15
2002-09-21 00:00:00,1.24,1.116,1.5,0.166,1000000,3000000,0,5000000,0.068,0.15
2002-09-28 00:00:00,1.234,1.1106,1.5,0.166,1000000,3000000,0,5000000,0.068,0.15
2002-10-05 00:00:00,1.228,1.1052,1.5,0.166,1000000,3000000,0,5000000,0.068,0.15
2002-10-12 00:00:00,1.221,1.0989,1.5,0.166,1000000,3000000,0,5000000,0.068,0.15
2002-10-19 00:00:00,1.215,1.0935,1.5,0.166,1000000,3000000,0,5000000,0.068,0.15
2002-10-26 00:00:00,1.209,1.0881,1.5,0.166,1000000,3000000,0,5000000,0.068,0.15
2002-11-02 00:00:00,1.204,1.0836,1.5,0.166,1000000,3000000,0,5000000,0.068,0.15
2002-11-09 00:00:00,1.199,1.0791,1.5,0.166,1000000,3000000,0,5000000,0.068,0.15
2002-11-16 00:00:00,1.196,1.0764,1.5,0.166,1000000,3000000,0,5000000,0.068,0.15
2002-11-23 00:00:00,1.193,1.0737,1.5,0.166,1000000,3000000,0,5000000,0.068,0.15
2002-11-30 00:00:00,1.19,1.071,1.5,0.166,1000000,3000000,0,5000000,0.068,0.15
2002-12-07 00:00:00,1.188,1.0692,1.5,0.166,1000000,3000000,0,5000000,0.068,0.15
2002-12-14 00:00:00,1.186,1.0674,1.5,0.166,1000000,3000000,0,5000000,0.068,0.15
2002-12-21 00:00:00,1.185,1.0665,1.5,0.166,1000000,3000000,0,5000000,0.068,0.15
2002-12-28 00:00:00,1.185,1.0665,1.5,0.166,1000000,3000000,0,5000000,0.068,0.15
2003-01-04 00:00:00,1.186,1.0674,1.5,0.166,1000000,3000000,0,5000000,0.068,0.15
2003-01-11 00:00:00,1.189,1.0701,1.5,0.166,1000000,3000000,0,5000000,0.068,0.15
2003-01-18 00:00:00,1.192,1.0728,1.5,0.166,1000000,3000000,0,5000000,0.068,0.15
2003-01-25 00:00:00,1.195,1.0755,1.5,0.166,1000000,3000000,0,5000000,0.068,0.15
2003-02-01 00:00:00,1.199,1.0791,1.5,0.166,1000000,3000000,0,5000000,0.068,0.15
2003-02-08 00:00:00,1.203,1.0827,1.5,0.166,1000000,3000000,0,5000000,0.068,0.15
2003-02-15 00:00:00,1.209,1.0881,1.5,0.166,1000000,3000000,0,5000000,0.068,0.15
2003-02-22 00:00:00,1.215,1.0935,1.5,0.166,1000000,3000000,0,5000000,0.068,0.15
2003-03-01 00:00:00,1.222,1.0998,1.5,0.166,1000000,3000000,0,5000000,0.068,0.15
2003-03-08 00:00:00,1.229,1.1061,1.5,0.166,1000000,3000000,0,5000000,0.068,0.15
2003-03-15 00:00:00,1.236,1.1124,1.5,0.166,1000000,3000000,0,5000000,0.068,0.15
2003-03-22 00:00:00,1.243,1.1187,1.5,0.166,1000000,3000000,0,5000000,0.068,0.15
2003-03-29 00:00:00,1.251,1.1259,1.5,0.166,1000000,3000000,0,5000000,0.068,0.15
2003-04-05 00:00:00,1.259,1.1331,1.5,0.166,1000000,3000000,0,5000000,0.068,0.15
2003-04-12 00:00:00,1.266,1.1394,1.5,0.166,1000000,3000000,0,5000000,0.068,0.15
2003-04-19 00:00:00,1.273,1.1457,1.5,0.166,1000000,3000000,0,5000000,0.068,0.15
2003-04-26 00:00:00,1.281,1.1529,1.5,0.166,1000000,3000000,0,5000000,0.068,0.15
2003-05-03 00:00:00,1.287,1.1583,1.5,0.166,1000000,3000000,0,5000000,0.068,0.15
2003-05-10 00:00:00,1.294,1.1646,1.5,0.166,1000000,3000000,0,5000000,0.068,0.15
2003-05-17 00:00:00,1.3,1.17,1.5,0.166,1000000,3000000,0,5000000,0.068,0.15
2003-05-24 00:00:00,1.304,1.1736,1.5,0.166,1000000,3000000,0,5000000,0.068,0.15
2003-05-31 00:00:00,1.307,1.1763,1.5,0.166,1000000,3000000,0,5000000,0.068,0.15
2003-06-07 00:00:00,1.309,1.1781,1.5,0.166,1000000,3000000,0,5000000,0.068,0.15
2003-06-14 00:00:00,1.312,1.1808,1.5,0.166,1000000,3000000,0,5000000,0.068,0.15
2003-06-21 00:00:00,1.313,1.1817,1.5,0.166,1000000,3000000,0,5000000,0.068,0.15
2003-06-28 00:00:00,1.315,1.1835,1.5,0.166,1000000,3000000,0,5000000,0.068,0.15
2003-07-05 00:00:00,1.315,1.1835,1.5,0.166,1000000,3000000,0,5000000,0.068,0.15
2003-07-12 00:00:00,1.315,1.1835,1.5,0.166,1000000,3000000,0,5000000,0.068,0.15
2003-07-19 00:00:00,1.313,1.1817,1.5,0.166,1000000,3000000,0,5000000,0.068,0.15
2003-07-26 00:00:00,1.31,1.179,1.5,0.166,1000000,3000000,0,5000000,0.068,0.15
2003-08-02 00:00:00,1.306,1.1754,1.5,0.166,1000000,3000000,0,5000000,0.068,0.15
2003-08-09 00:00:00,1.302,1.1718,1.5,0.166,1000000,3000000,0,5000000,0.068,0.15
2003-08-16 00:00:00,1.298,1.1682,1.5,0.166,1000000,3000000,0,5000000,0.068,0.15
2003-08-23 00:00:00,1.293,1.1637,1.5,0.166,1000000,3000000,0,5000000,0.068,0.15
2003-08-30 00:00:00,1.287,1.1583,1.5,0.166,1000000,3000000,0,5000000,0.068,0.15
2003-09-06 00:00:00,1.281,1.1529,1.5,0.166,1000000,3000000,0,5000000,0.068,0.15
2003-09-13 00:00:00,1.274,1.1466,1.5,0.166,1000000,3000000,0,5000000,0.068,0.15
2003-09-20 00:00:00,1.267,1.1403,1.5,0.166,1000000,3000000,0,5000000,0.068,0.15
2003-09-27 00:00:00,1.26,1.134,1.5,0.166,1000000,3000000,0,5000000,0.068,0.15
2003-10-04 00:00:00,1.253,1.1277,1.5,0.166,1000000,3000000,0,5000000,0.068,0.15
2003-10-11 00:00:00,1.246,1.1214,1.5,0.166,1000000,3000000,0,5000000,0.068,0.15
2003-10-18 00:00:00,1.239,1.1151,1.5,0.166,1000000,3000000,0,5000000,0.068,0.15
2003-10-25 00:00:00,1.233,1.1097,1.5,0.166,1000000,3000000,0,5000000,0.068,0.15
2003-11-01 00:00:00,1.227,1.1043,1.5,0.166,1000000,3000000,0,5000000,0.068,0.15
2003-11-08 00:00:00,1.222,1.0998,1.5,0.166,1000000,3000000,0,5000000,0.068,0.15
2003-11-15 00:00:00,1.217,1.0953,1.5,0.166,1000000,3000000,0,5000000,0.068,0.15
2003-11-22 00:00:00,1.214,1.0926,1.5,0.166,1000000,3000000,0,5000000,0.068,0.15
2003-11-29 00:00:00,1.212,1.0908,1.5,0.166,1000000,3000000,0,5000000,0.068,0.15
2003-12-06 00:00:00,1.209,1.0881,1.5,0.166,1000000,3000000,0,5000000,0.068,0.15
2003-12-13 00:00:00,1.207,1.0863,1.5,0.166,1000000,3000000,0,5000000,0.068,0.15
2003-12-20 00:00:00,1.206,1.0854,1.5,0.166,1000000,3000000,0,5000000,0.068,0.15
2003-12-27 00:00:00,1.205,1.0845,1.5,0.166,1000000,3000000,0,5000000,0.068,0.15
2004-01-03 00:00:00,1.205,1.0845,1.5,0.166,1000000,3000000,0,5000000,0.068,0.15
2004-01-10 00:00:00,1.206,1.0854,1.5,0.166,1000000,3000000,0,5000000,0.068,0.15
2004-01-17 00:00:00,1.209,1.0881,1.5,0.166,1000000,3000000,0,5000000,0.068,0.15
2004-01-24 00:00:00,1.212,1.0908,1.5,0.166,1000000,3000000,0,5000000,0.068,0.15
2004-01-31 00:00:00,1.216,1.0944,1.5,0.166,1000000,3000000,0,5000000,0.068,0.15
2004-02-07 00:00:00,1.221,1.0989,1.5,0.166,1000000,3000000,0,5000000,0.068,0.15
2004-02-14 00:00:00,1.225,1.1025,1.5,0.166,1000000,3000000,0,5000000,0.068,0.15
2004-02-21 00:00:00,1.232,1.1088,1.5,0.166,1000000,3000000,0,5000000,0.068,0.15
2004-02-28 00:00:00,1.239,1.1151,1.5,0.166,1000000,3000000,0,5000000,0.068,0.15
2004-03-06 00:00:00,1.245,1.1205,1.5,0.166,1000000,3000000,0,5000000,0.068,0.15
2004-03-13 00:00:00,1.253,1.1277,1.5,0.166,1000000,3000000,0,5000000,0.068,0.15
2004-03-20 00:00:00,1.26,1.134,1.5,0.166,1000000,3000000,0,5000000,0.068,0.15
2004-03-27 00:00:00,1.267,1.1403,1.5,0.166,1000000,3000000,0,5000000,0.068,0.15
2004-04-03 00:00:00,1.275,1.1475,1.5,0.166,1000000,3000000,0,5000000,0.068,0.15
2004-04-10 00:00:00,1.282,1.1538,1.5,0.166,1000000,3000000,0,5000000,0.068,0.15
2004-04-17 00:00:00,1.289,1.1601,1.5,0.166,1000000,3000000,0,5000000,0.068,0.15
2004-04-24 00:00:00,1.296,1.1664,1.5,0.166,1000000,3000000,0,5000000,0.068,0.15
2004-05-01 00:00:00,1.303,1.1727,1.5,0.166,1000000,3000000,0,5000000,0.068,0.15
2004-05-08 00:00:00,1.309,1.1781,1.5,0.166,1000000,3000000,0,5000000,0.068,0.15
2004-05-15 00:00:00,1.315,1.1835,1.5,0.166,1000000,3000000,0,5000000,0.068,0.15
2004-05-22 00:00:00,1.32,1.188,1.5,0.166,1000000,3000000,0,5000000,0.068,0.15
2004-05-29 00:00:00,1.324,1.1916,1.5,0.166,1000000,3000000,0,5000000,0.068,0.15
2004-06-05 00:00:00,1.325,1.1925,1.5,0.166,1000000,3000000,0,5000000,0.068,0.15
2004-06-12 00:00:00,1.326,1.1934,1.5,0.166,1000000,3000000,0,5000000,0.068,0.15
2004-06-19 00:00:00,1.326,1.1934,1.5,0.166,1000000,3000000,0,5000000,0.068,0.15
2004-06-26 00:00:00,1.327,1.1943,1.5,0.166,1000000,3000000,0,5000000,0.068,0.15
2004-07-03 00:00:00,1.327,1.1943,1.5,0.166,1000000,3000000,0,5000000,0.068,0.15
2004-07-10 00:00:00,1.328,1.1952,1.5,0.166,1000000,3000000,0,5000000,0.068,0.15
2004-07-17 00:00:00,1.328,1.1952,1.5,0.166,1000000,3000000,0,5000000,0.068,0.15
2004-07-24 00:00:00,1.327,1.1943,1.5,0.166,1000000,3000000,0,5000000,0.068,0.15
2004-07-31 00:00:00,1.324,1.1916,1.5,0.166,1000000,3000000,0,5000000,0.068,0.15
2004-08-07 00:00:00,1.319,1.1871,1.5,0.166,1000000,3000000,0,5000000,0.068,0.15
2004-08-14 00:00:00,1.313,1.1817,1.5,0.166,1000000,3000000,0,5000000,0.068,0.15
2004-08-21 00:00:00,1.308,1.1772,1.5,0.166,1000000,3000000,0,5000000,0.068,0.15
2004-08-28 00:00:00,1.302,1.1718,1.5,0.166,1000000,3000000,0,5000000,0.068,0.15
2004-09-04 00:00:00,1.296,1.1664,1.5,0.166,1000000,3000000,0,5000000,0.068,0.15
2004-09-11 00:00:00,1.289,1.1601,1.5,0.166,1000000,3000000,0,5000000,0.068,0.15
2004-09-18 00:00:00,1.282,1.1538,1.5,0.166,1000000,3000000,0,5000000,0.068,0.15
2004-09-25 00:00:00,1.275,1.1475,1.5,0.166,1000000,3000000,0,5000000,0.068,0.15
2004-10-02 00:00:00,1.268,1.1412,1.5,0.166,1000000,3000000,0,5000000,0.068,0.15
2004-10-09 00:00:00,1.261,1.1349,1.5,0.166,1000000,3000000,0,5000000,0.068,0.15
2004-10-16 00:00:00,1.254,1.1286,1.5,0.166,1000000,3000000,0,5000000,0.068,0.15
2004-10-23 00:00:00,1.248,1.1232,1.5,0.166,1000000,3000000,0,5000000,0.068,0.15
2004-10-30 00:00:00,1.242,1.1178,1.5,0.166,1000000,3000000,0,5000000,0.068,0.15
2004-11-06 00:00:00,1.235,1.1115,1.5,0.166,1000000,3000000,0,5000000,0.068,0.15
2004-11-13 00:00:00,1.23,1.107,1.5,0.166,1000000,3000000,0,5000000,0.068,0.15
2004-11-20 00:00:00,1.226,1.1034,1.5,0.166,1000000,3000000,0,5000000,0.068,0.15
2004-11-27 00:00:00,1.224,1.1016,1.5,0.166,1000000,3000000,0,5000000,0.068,0.15
2004-12-04 00:00:00,1.221,1.0989,1.5,0.166,1000000,3000000,0,5000000,0.068,0.15
2004-12-11 00:00:00,1.219,1.0971,1.5,0.166,1000000,3000000,0,5000000,0.068,0.15
2004-12-18 00:00:00,1.218,1.0962,1.5,0.166,1000000,3000000,0,5000000,0.068,0.15
2004-12-25 00:00:00,1.216,1.0944,1.5,0.166,1000000,3000000,0,5000000,0.068,0.15
2005-01-01 00:00:00,1.216,1.0944,1.5,0.166,1000000,3000000,0,5000000,0.068,0.15
2005-01-08 00:00:00,1.216,1.0944,1.5,0.166,1000000,3000000,0,5000000,0.068,0.15
2005-01-15 00:00:00,1.218,1.0962,1.5,0.166,1000000,3000000,0,5000000,0.068,0.15
2005-01-22 00:00:00,1.221,1.0989,1.5,0.166,1000000,3000000,0,5000000,0.068,0.15
2005-01-29 00:00:00,1.225,1.1025,1.5,0.166,1000000,3000000,0,5000000,0.068,0.15
2005-02-05 00:00:00,1.23,1.107,1.5,0.166,1000000,3000000,0,5000000,0.068,0.15
2005-02-12 00:00:00,1.234,1.1106,1.5,0.166,1000000,3000000,0,5000000,0.068,0.15
2005-02-19 00:00:00,1.24,1.116,1.5,0.166,1000000,3000000,0,5000000,0.068,0.15
2005-02-26 00:00:00,1.246,1.1214,1.5,0.166,1000000,3000000,0,5000000,0.068,0.15
2005-03-05 00:00:00,1.253,1.1277,1.5,0.166,1000000,3000000,0,5000000,0.068,0.15
2005-03-12 00:00:00,1.26,1.134,1.5,0.166,1000000,3000000,0,5000000,0.068,0.15
2005-03-19 00:00:00,1.268,1.1412,1.5,0.166,1000000,3000000,0,5000000,0.068,0.15
2005-03-26 00:00:00,1.275,1.1475,1.5,0.166,1000000,3000000,0,5000000,0.068,0.15
2005-04-02 00:00:00,1.283,1.1547,1.5,0.166,1000000,3000000,0,5000000,0.068,0.15
2005-04-09 00:00:00,1.29,1.161,1.5,0.166,1000000,3000000,0,5000000,0.068,0.15
2005-04-16 00:00:00,1.297,1.1673,1.5,0.166,1000000,3000000,0,5000000,0.068,0.15
2005-04-23 00:00:00,1.304,1.1736,1.5,0.166,1000000,3000000,0,5000000,0.068,0.15
2005-04-30 00:00:00,1.311,1.1799,1.5,0.166,1000000,3000000,0,5000000,0.068,0.15
2005-05-07 00:00:00,1.317,1.1853,1.5,0.166,1000000,3000000,0,5000000,0.068,0.15
2005-05-14 00:00:00,1.323,1.1907,1.5,0.166,1000000,3000000,0,5000000,0.068,0.15
2005-05-21 00:00:00,1.329,1.1961,1.5,0.166,1000000,3000000,0,5000000,0.068,0.15
2005-05-28 00:00:00,1.334,1.2006,1.5,0.166,1000000,3000000,0,5000000,0.068,0.15
2005-06-04 00:00:00,1.336,1.2024,1.5,0.166,1000000,3000000,0,5000000,0.068,0.15
2005-06-11 00:00:00,1.337,1.2033,1.5,0.166,1000000,3000000,0,5000000,0.068,0.15
2005-06-18 00:00:00,1.337,1.2033,1.5,0.166,1000000,3000000,0,5000000,0.068,0.15
2005-06-25 00:00:00,1.337,1.2033,1.5,0.166,1000000,3000000,0,5000000,0.068,0.15
2005-07-02 00:00:00,1.337,1.2033,1.5,0.166,1000000,3000000,0,5000000,0.068,0.15
2005-07-09 00:00:00,1.337,1.2033,1.5,0.166,1000000,3000000,0,5000000,0.068,0.15
2005-07-16 00:00:00,1.337,1.2033,1.5,0.166,1000000,3000000,0,5000000,0.068,0.15
2005-07-23 00:00:00,1.337,1.2033,1.5,0.166,1000000,3000000,0,5000000,0.068,0.15
2005-07-30 00:00:00,1.335,1.2015,1.5,0.166,1000000,3000000,0,5000000,0.068,0.15
2005-08-06 00:00:00,1.331,1.1979,1.5,0.166,1000000,3000000,0,5000000,0.068,0.15
2005-08-13 00:00:00,1.325,1.1925,1.5,0.166,1000000,3000000,0,5000000,0.068,0.15
2005-08-20 00:00:00,1.319,1.1871,1.5,0.166,1000000,3000000,0,5000000,0.068,0.15
2005-08-27 00:00:00,1.314,1.1826,1.5,0.166,1000000,3000000,0,5000000,0.068,0.15
2005-09-03 00:00:00,1.307,1.1763,1.5,0.166,1000000,3000000,0,5000000,0.068,0.15
2005-09-10 00:00:00,1.3,1.17,1.5,0.166,1000000,3000000,0,5000000,0.068,0.15
2005-09-17 00:00:00,1.294,1.1646,1.5,0.166,1000000,3000000,0,5000000,0.068,0.15
2005-09-24 00:00:00,1.287,1.1583,1.5,0.166,1000000,3000000,0,5000000,0.068,0.15
2005-10-01 00:00:00,1.28,1.152,1.5,0.166,1000000,3000000,0,5000000,0.068,0.15
2005-10-08 00:00:00,1.273,1.1457,1.5,0.166,1000000,3000000,0,5000000,0.068,0.15
2005-10-15 00:00:00,1.266,1.1394,1.5,0.166,1000000,3000000,0,5000000,0.068,0.15
2005-10-22 00:00:00,1.259,1.1331,1.5,0.166,1000000,3000000,0,5000000,0.068,0.15
2005-10-29 00:00:00,1.252,1.1268,1.5,0.166,1000000,3000000,0,5000000,0.068,0.15
2005-11-05 00:00:00,1.246,1.1214,1.5,0.166,1000000,3000000,0,5000000,0.068,0.15
2005-11-12 00:00:00,1.24,1.116,1.5,0.166,1000000,3000000,0,5000000,0.068,0.15
2005-11-19 00:00:00,1.236,1.1124,1.5,0.166,1000000,3000000,0,5000000,0.068,0.15
2005-11-26 00:00:00,1.233,1.1097,1.5,0.166,1000000,3000000,0,5000000,0.068,0.15
2005-12-03 00:00:00,1.231,1.1079,1.5,0.166,1000000,3000000,0,5000000,0.068,0.15
2005-12-10 00:00:00,1.229,1.1061,1.5,0.166,1000000,3000000,0,5000000,0.068,0.15
2005-12-17 00:00:00,1.227,1.1043,1.5,0.166,1000000,3000000,0,5000000,0.068,0.15
2005-12-24 00:00:00,1.226,1.1034,1.5,0.166,1000000,3000000,0,5000000,0.068,0.15
2005-12-31 00:00:00,1.225,1.1025,1.5,0.166,1000000,3000000,0,5000000,0.068,0.15
2006-01-07 00:00:00,1.225,1.1025,1.5,0.166,1000000,3000000,0,5000000,0.068,0.15
2006-01-14 00:00:00,1.227,1.1043,1.5,0.166,1000000,3000000,0,5000000,0.068,0.15
2006-01-21 00:00:00,1.23,1.107,1.5,0.166,1000000,3000000,0,5000000,0.068,0.15
2006-01-28 00:00:00,1.234,1.1106,1.5,0.166,1000000,3000000,0,5000000,0.068,0.15
2006-02-04 00:00:00,1.238,1.1142,1.5,0.166,1000000,3000000,0,5000000,0.068,0.15
2006-02-11 00:00:00,1.243,1.1187,1.5,0.166,1000000,3000000,0,5000000,0.068,0.15
2006-02-18 00:00:00,1.248,1.1232,1.5,0.166,1000000,3000000,0,5000000,0.068,0.15
2006-02-25 00:00:00,1.254,1.1286,1.5,0.166,1000000,3000000,0,5000000,0.068,0.15
2006-03-04 00:00:00,1.261,1.1349,1.5,0.166,1000000,3000000,0,5000000,0.068,0.15
2006-03-11 00:00:00,1.268,1.1412,1.5,0.166,1000000,3000000,0,5000000,0.068,0.15
2006-03-18 00:00:00,1.275,1.1475,1.5,0.166,1000000,3000000,0,5000000,0.068,0.15
2006-03-25 00:00:00,1.283,1.1547,1.5,0.166,1000000,3000000,0,5000000,0.068,0.15
2006-04-01 00:00:00,1.291,1.1619,1.5,0.166,1000000,3000000,0,5000000,0.068,0.15
2006-04-08 00:00:00,1.298,1.1682,1.5,0.166,1000000,3000000,0,5000000,0.068,0.15
2006-04-15 00:00:00,1.305,1.1745,1.5,0.166,1000000,3000000,0,5000000,0.068,0.15
2006-04-22 00:00:00,1.313,1.1817,1.5,0.166,1000000,3000000,0,5000000,0.068,0.15
2006-04-29 00:00:00,1.319,1.1871,1.5,0.166,1000000,3000000,0,5000000,0.068,0.15
2006-05-06 00:00:00,1.326,1.1934,1.5,0.166,1000000,3000000,0,5000000,0.068,0.15
2006-05-13 00:00:00,1.332,1.1988,1.5,0.166,1000000,3000000,0,5000000,0.068,0.15
2006-05-20 00:00:00,1.338,1.2042,1.5,0.166,1000000,3000000,0,5000000,0.068,0.15
2006-05-27 00:00:00,1.342,1.2078,1.5,0.166,1000000,3000000,0,5000000,0.068,0.15
2006-06-03 00:00:00,1.344,1.2096,1.5,0.166,1000000,3000000,0,5000000,0.068,0.15
2006-06-10 00:00:00,1.345,1.2105,1.5,0.166,1000000,3000000,0,5000000,0.068,0.15
2006-06-17 00:00:00,1.346,1.2114,1.5,0.166,1000000,3000000,0,5000000,0.068,0.15
2006-06-24 00:00:00,1.346,1.2114,1.5,0.166,1000000,3000000,0,5000000,0.068,0.15
2006-07-01 00:00:00,1.347,1.2123,1.5,0.166,1000000,3000000,0,5000000,0.068,0.15
2006-07-08 00:00:00,1.347,1.2123,1.5,0.166,1000000,3000000,0,5000000,0.068,0.15
2006-07-15 00:00:00,1.347,1.2123,1.5,0.166,1000000,3000000,0,5000000,0.068,0.15
2006-07-22 00:00:00,1.347,1.2123,1.5,0.166,1000000,3000000,0,5000000,0.068,0.15
2006-07-29 00:00:00,1.346,1.2114,1.5,0.166,1000000,3000000,0,5000000,0.068,0.15
2006-08-05 00:00:00,1.342,1.2078,1.5,0.166,1000000,3000000,0,5000000,0.068,0.15
2006-08-12 00:00:00,1.337,1.2033,1.5,0.166,1000000,3000000,0,5000000,0.068,0.15
2006-08-19 00:00:00,1.331,1.1979,1.5,0.166,1000000,3000000,0,5000000,0.068,0.15
2006-08-26 00:00:00,1.325,1.1925,1.5,0.166,1000000,3000000,0,5000000,0.068,0.15
2006-09-02 00:00:00,1.319,1.1871,1.5,0.166,1000000,3000000,0,5000000,0.068,0.15
2006-09-09 00:00:00,1.312,1.1808,1.5,0.166,1000000,3000000,0,5000000,0.068,0.15
2006-09-16 00:00:00,1.305,1.1745,1.5,0.166,1000000,3000000,0,5000000,0.068,0.15
2006-09-23 00:00:00,1.298,1.1682,1.5,0.166,1000000,3000000,0,5000000,0.068,0.15
2006-09-30 00:00:00,1.291,1.1619,1.5,0.166,1000000,3000000,0,5000000,0.068,0.15
2006-10-07 00:00:00,1.284,1.1556,1.5,0.166,1000000,3000000,0,5000000,0.068,0.15
2006-10-14 00:00:00,1.277,1.1493,1.5,0.166,1000000,3000000,0,5000000,0.068,0.15
2006-10-21 00:00:00,1.27,1.143,1.5,0.166,1000000,3000000,0,5000000,0.068,0.15
2006-10-28 00:00:00,1.264,1.1376,1.5,0.166,1000000,3000000,0,5000000,0.068,0.15
2006-11-04 00:00:00,1.257,1.1313,1.5,0.166,1000000,3000000,0,5000000,0.068,0.15
2006-11-11 00:00:00,1.251,1.1259,1.5,0.166,1000000,3000000,0,5000000,0.068,0.15
2006-11-18 00:00:00,1.246,1.1214,1.5,0.166,1000000,3000000,0,5000000,0.068,0.15
2006-11-25 00:00:00,1.243,1.1187,1.5,0.166,1000000,3000000,0,5000000,0.068,0.15
2006-12-02 00:00:00,1.241,1.1169,1.5,0.166,1000000,3000000,0,5000000,0.068,0.15
2006-12-09 00:00:00,1.238,1.1142,1.5,0.166,1000000,3000000,0,5000000,0.068,0.15
2006-12-16 00:00:00,1.237,1.1133,1.5,0.166,1000000,3000000,0,5000000,0.068,0.15
2006-12-23 00:00:00,1.235,1.1115,1.5,0.166,1000000,3000000,0,5000000,0.068,0.15
2006-12-30 00:00:00,1.234,1.1106,1.5,0.166,1000000,3000000,0,5000000,0.068,0.15
2007-01-06 00:00:00,1.234,1.1106,1.5,0.166,1000000,3000000,0,5000000,0.068,0.15
2007-01-13 00:00:00,1.235,1.1115,1.5,0.166,1000000,3000000,0,5000000,0.068,0.15
2007-01-20 00:00:00,1.238,1.1142,1.5,0.166,1000000,3000000,0,5000000,0.068,0.15
2007-01-27 00:00:00,1.242,1.1178,1.5,0.166,1000000,3000000,0,5000000,0.068,0.15
2007-02-03 00:00:00,1.246,1.1214,1.5,0.166,1000000,3000000,0,5000000,0.068,0.15
2007-02-10 00:00:00,1.251,1.1259,1.5,0.166,1000000,3000000,0,5000000,0.068,0.15
2007-02-17 00:00:00,1.256,1.1304,1.5,0.166,1000000,3000000,0,5000000,0.068,0.15
2007-02-24 00:00:00,1.263,1.1367,1.5,0.166,1000000,3000000,0,5000000,0.068,0.15
2007-03-03 00:00:00,1.269,1.1421,1.5,0.166,1000000,3000000,0,5000000,0.068,0.15
2007-03-10 00:00:00,1.276,1.1484,1.5,0.166,1000000,3000000,0,5000000,0.068,0.15
2007-03-17 00:00:00,1.283,1.1547,1.5,0.166,1000000,3000000,0,5000000,0.068,0.15
2007-03-24 00:00:00,1.291,1.1619,1.5,0.166,1000000,3000000,0,5000000,0.068,0.15
2007-03-31 00:00:00,1.298,1.1682,1.5,0.166,1000000,3000000,0,5000000,0.068,0.15
2007-04-07 00:00:00,1.306,1.1754,1.5,0.166,1000000,3000000,0,5000000,0.068,0.15
2007-04-14 00:00:00,1.313,1.1817,1.5,0.166,1000000,3000000,0,5000000,0.068,0.15
2007-04-21 00:00:00,1.32,1.188,1.5,0.166,1000000,3000000,0,5000000,0.068,0.15
2007-04-28 00:00:00,1.328,1.1952,1.5,0.166,1000000,3000000,0,5000000,0.068,0.15
2007-05-05 00:00:00,1.335,1.2015,1.5,0.166,1000000,3000000,0,5000000,0.068,0.15
2007-05-12 00:00:00,1.341,1.2069,1.5,0.166,1000000,3000000,0,5000000,0.068,0.15
2007-05-19 00:00:00,1.347,1.2123,1.5,0.166,1000000,3000000,0,5000000,0.068,0.15
2007-05-26 00:00:00,1.352,1.2168,1.5,0.166,1000000,3000000,0,5000000,0.068,0.15
2007-06-02 00:00:00,1.356,1.2204,1.5,0.166,1000000,3000000,0,5000000,0.068,0.15
2007-06-09 00:00:00,1.358,1.2222,1.5,0.166,1000000,3000000,0,5000000,0.068,0.15
2007-06-16 00:00:00,1.358,1.2222,1.5,0.166,1000000,3000000,0,5000000,0.068,0.15
2007-06-23 00:00:00,1.358,1.2222,1.5,0.166,1000000,3000000,0,5000000,0.068,0.15
2007-06-30 00:00:00,1.358,1.2222,1.5,0.166,1000000,3000000,0,5000000,0.068,0.15
2007-07-07 00:00:00,1.358,1.2222,1.5,0.166,1000000,3000000,0,5000000,0.068,0.15
2007-07-14 00:00:00,1.358,1.2222,1.5,0.166,1000000,3000000,0,5000000,0.068,0.15
2007-07-21 00:00:00,1.358,1.2222,1.5,0.166,1000000,3000000,0,5000000,0.068,0.15
2007-07-28 00:00:00,1.357,1.2213,1.5,0.166,1000000,3000000,0,5000000,0.068,0.15
2007-08-04 00:00:00,1.353,1.2177,1.5,0.166,1000000,3000000,0,5000000,0.068,0.15
2007-08-11 00:00:00,1.348,1.2132,1.5,0.166,1000000,3000000,0,5000000,0.068,0.15
2007-08-18 00:00:00,1.342,1.2078,1.5,0.166,1000000,3000000,0,5000000,0.068,0.15
2007-08-25 00:00:00,1.337,1.2033,1.5,0.166,1000000,3000000,0,5000000,0.068,0.15
2007-09-01 00:00:00,1.331,1.1979,1.5,0.166,1000000,3000000,0,5000000,0.068,0.15
2007-09-08 00:00:00,1.324,1.1916,1.5,0.166,1000000,3000000,0,5000000,0.068,0.15
2007-09-15 00:00:00,1.317,1.1853,1.5,0.166,1000000,3000000,0,5000000,0.068,0.15
2007-09-22 00:00:00,1.31,1.179,1.5,0.166,1000000,3000000,0,5000000,0.068,0.15
2007-09-29 00:00:00,1.303,1.1727,1.5,0.166,1000000,3000000,0,5000000,0.068,0.15
2007-10-06 00:00:00,1.296,1.1664,1.5,0.166,1000000,3000000,0,5000000,0.068,0.15
2007-10-13 00:00:00,1.289,1.1601,1.5,0.166,1000000,3000000,0,5000000,0.068,0.15
2007-10-20 00:00:00,1.282,1.1538,1.5,0.166,1000000,3000000,0,5000000,0.068,0.15
2007-10-27 00:00:00,1.275,1.1475,1.5,0.166,1000000,3000000,0,5000000,0.068,0.15
2007-11-03 00:00:00,1.269,1.1421,1.5,0.166,1000000,3000000,0,5000000,0.068,0.15
2007-11-10 00:00:00,1.262,1.1358,1.5,0.166,1000000,3000000,0,5000000,0.068,0.15
2007-11-17 00:00:00,1.257,1.1313,1.5,0.166,1000000,3000000,0,5000000,0.068,0.15
2007-11-24 00:00:00,1.253,1.1277,1.5,0.166,1000000,3000000,0,5000000,0.068,0.15
2007-12-01 00:00:00,1.25,1.125,1.5,0.166,1000000,3000000,0,5000000,0.068,0.15
2007-12-08 00:00:00,1.248,1.1232,1.5,0.166,1000000,3000000,0,5000000,0.068,0.15
2007-12-15 00:00:00,1.246,1.1214,1.5,0.166,1000000,3000000,0,5000000,0.068,0.15
2007-12-22 00:00:00,1.244,1.1196,1.5,0.166,1000000,3000000,0,5000000,0.068,0.15
2007-12-29 00:00:00,1.243,1.1187,1.5,0.166,1000000,3000000,0,5000000,0.068,0.15
2008-01-05 00:00:00,1.244,1.1196,1.5,0.166,1000000,3000000,0,5000000,0.068,0.15
2008-01-12 00:00:00,1.245,1.1205,1.5,0.166,1000000,3000000,0,5000000,0.068,0.15
2008-01-19 00:00:00,1.248,1.1232,1.5,0.166,1000000,3000000,0,5000000,0.068,0.15
2008-01-26 00:00:00,1.251,1.1259,1.5,0.166,1000000,3000000,0,5000000,0.068,0.15
2008-02-02 00:00:00,1.255,1.1295,1.5,0.166,1000000,3000000,0,5000000,0.068,0.15
2008-02-09 00:00:00,1.259,1.1331,1.5,0.166,1000000,3000000,0,5000000,0.068,0.15
2008-02-16 00:00:00,1.264,1.1376,1.5,0.166,1000000,3000000,0,5000000,0.068,0.15
2008-02-23 00:00:00,1.27,1.143,1.5,0.166,1000000,3000000,0,5000000,0.068,0.15
2008-03-01 00:00:00,1.277,1.1493,1.5,0.166,1000000,3000000,0,5000000,0.068,0.15
2008-03-08 00:00:00,1.284,1.1556,1.5,0.166,1000000,3000000,0,5000000,0.068,0.15
2008-03-15 00:00:00,1.291,1.1619,1.5,0.166,1000000,3000000,0,5000000,0.068,0.15
2008-03-22 00:00:00,1.299,1.1691,1.5,0.166,1000000,3000000,0,5000000,0.068,0.15
2008-03-29 00:00:00,1.306,1.1754,1.5,0.166,1000000,3000000,0,5000000,0.068,0.15
2008-04-05 00:00:00,1.314,1.1826,1.5,0.166,1000000,3000000,0,5000000,0.068,0.15
2008-04-12 00:00:00,1.321,1.1889,1.5,0.166,1000000,3000000,0,5000000,0.068,0.15
2008-04-19 00:00:00,1.329,1.1961,1.5,0.166,1000000,3000000,0,5000000,0.068,0.15
2008-04-26 00:00:00,1.336,1.2024,1.5,0.166,1000000,3000000,0,5000000,0.068,0.15
2008-05-03 00:00:00,1.343,1.2087,1.5,0.166,1000000,3000000,0,5000000,0.068,0.15
2008-05-10 00:00:00,1.349,1.2141,1.5,0.166,1000000,3000000,0,5000000,0.068,0.15
2008-05-17 00:00:00,1.356,1.2204,1.5,0.166,1000000,3000000,0,5000000,0.068,0.15
2008-05-24 00:00:00,1.361,1.2249,1.5,0.166,1000000,3000000,0,5000000,0.068,0.15
2008-05-31 00:00:00,1.364,1.2276,1.5,0.166,1000000,3000000,0,5000000,0.068,0.15
2008-06-07 00:00:00,1.365,1.2285,1.5,0.166,1000000,3000000,0,5000000,0.068,0.15
2008-06-14 00:00:00,1.367,1.2303,1.5,0.166,1000000,3000000,0,5000000,0.068,0.15
2008-06-21 00:00:00,1.368,1.2312,1.5,0.166,1000000,3000000,0,5000000,0.068,0.15
2008-06-28 00:00:00,1.369,1.2321,1.5,0.166,1000000,3000000,0,5000000,0.068,0.15
2008-07-05 00:00:00,1.37,1.233,1.5,0.166,1000000,3000000,0,5000000,0.068,0.15
2008-07-12 00:00:00,1.37,1.233,1.5,0.166,1000000,3000000,0,5000000,0.068,0.15
2008-07-19 00:00:00,1.37,1.233,1.5,0.166,1000000,3000000,0,5000000,0.068,0.15
2008-07-26 00:00:00,1.368,1.2312,1.5,0.166,1000000,3000000,0,5000000,0.068,0.15
2008-08-02 00:00:00,1.364,1.2276,1.5,0.166,1000000,3000000,0,5000000,0.068,0.15
2008-08-09 00:00:00,1.359,1.2231,1.5,0.166,1000000,3000000,0,5000000,0.068,0.15
2008-08-16 00:00:00,1.354,1.2186,1.5,0.166,1000000,3000000,0,5000000,0.068,0.15
2008-08-23 00:00:00,1.349,1.2141,1.5,0.166,1000000,3000000,0,5000000,0.068,0.15
2008-08-30 00:00:00,1.343,1.2087,1.5,0.166,1000000,3000000,0,5000000,0.068,0.15
2008-09-06 00:00:00,1.336,1.2024,1.5,0.166,1000000,3000000,0,5000000,0.068,0.15
2008-09-13 00:00:00,1.329,1.1961,1.5,0.166,1000000,3000000,0,5000000,0.068,0.15
2008-09-20 00:00:00,1.322,1.1898,1.5,0.166,1000000,3000000,0,5000000,0.068,0.15
2008-09-27 00:00:00,1.315,1.1835,1.5,0.166,1000000,3000000,0,5000000,0.068,0.15
2008-10-04 00:00:00,1.308,1.1772,1.5,0.166,1000000,3000000,0,5000000,0.068,0.15
2008-10-11 00:00:00,1.3,1.17,1.5,0.166,1000000,3000000,0,5000000,0.068,0.15
2008-10-18 00:00:00,1.293,1.1637,1.5,0.166,1000000,3000000,0,5000000,0.068,0.15
2008-10-25 00:00:00,1.286,1.1574,1.5,0.166,1000000,3000000,0,5000000,0.068,0.15
2008-11-01 00:00:00,1.28,1.152,1.5,0.166,1000000,3000000,0,5000000,0.068,0.15
2008-11-08 00:00:00,1.273,1.1457,1.5,0.166,1000000,3000000,0,5000000,0.068,0.15
2008-11-15 00:00:00,1.268,1.1412,1.5,0.166,1000000,3000000,0,5000000,0.068,0.15
2008-11-22 00:00:00,1.264,1.1376,1.5,0.166,1000000,3000000,0,5000000,0.068,0.15
2008-11-29 00:00:00,1.26,1.134,1.5,0.166,1000000,3000000,0,5000000,0.068,0.15
2008-12-06 00:00:00,1.257,1.1313,1.5,0.166,1000000,3000000,0,5000000,0.068,0.15
2008-12-13 00:00:00,1.254,1.1286,1.5,0.166,1000000,3000000,0,5000000,0.068,0.15
2008-12-20 00:00:00,1.253,1.1277,1.5,0.166,1000000,3000000,0,5000000,0.068,0.15
2008-12-27 00:00:00,1.253,1.1277,1.5,0.166,1000000,3000000,0,5000000,0.068,0.15
2009-01-03 00:00:00,1.254,1.1286,1.5,0.166,1000000,3000000,0,5000000,0.068,0.15
2009-01-10 00:00:00,1.255,1.1295,1.5,0.166,1000000,3000000,0,5000000,0.068,0.15
2009-01-17 00:00:00,1.257,1.1313,1.5,0.166,1000000,3000000,0,5000000,0.068,0.15
2009-01-24 00:00:00,1.26,1.134,1.5,0.166,1000000,3000000,0,5000000,0.068,0.15
2009-01-31 00:00:00,1.263,1.1367,1.5,0.166,1000000,3000000,0,5000000,0.068,0.15
2009-02-07 00:00:00,1.266,1.1394,1.5,0.166,1000000,3000000,0,5000000,0.068,0.15
2009-02-14 00:00:00,1.271,1.1439,1.5,0.166,1000000,3000000,0,5000000,0.068,0.15
2009-02-21 00:00:00,1.278,1.1502,1.5,0.166,1000000,3000000,0,5000000,0.068,0.15
2009-02-28 00:00:00,1.284,1.1556,1.5,0.166,1000000,3000000,0,5000000,0.068,0.15
2009-03-07 00:00:00,1.291,1.1619,1.5,0.166,1000000,3000000,0,5000000,0.068,0.15
2009-03-14 00:00:00,1.299,1.1691,1.5,0.166,1000000,3000000,0,5000000,0.068,0.15
2009-03-21 00:00:00,1.306,1.1754,1.5,0.166,1000000,3000000,0,5000000,0.068,0.15
2009-03-28 00:00:00,1.314,1.1826,1.5,0.166,1000000,3000000,0,5000000,0.068,0.15
2009-04-04 00:00:00,1.322,1.1898,1.5,0.166,1000000,3000000,0,5000000,0.068,0.15
2009-04-11 00:00:00,1.329,1.1961,1.5,0.166,1000000,3000000,0,5000000,0.068,0.15
2009-04-18 00:00:00,1.337,1.2033,1.5,0.166,1000000,3000000,0,5000000,0.068,0.15
2009-04-25 00:00:00,1.344,1.2096,1.5,0.166,1000000,3000000,0,5000000,0.068,0.15
2009-05-02 00:00:00,1.351,1.2159,1.5,0.166,1000000,3000000,0,5000000,0.068,0.15
2009-05-09 00:00:00,1.358,1.2222,1.5,0.166,1000000,3000000,0,5000000,0.068,0.15
2009-05-16 00:00:00,1.364,1.2276,1.5,0.166,1000000,3000000,0,5000000,0.068,0.15
2009-05-23 00:00:00,1.369,1.2321,1.5,0.166,1000000,3000000,0,5000000,0.068,0.15
2009-05-30 00:00:00,1.373,1.2357,1.5,0.166,1000000,3000000,0,5000000,0.068,0.15
2009-06-06 00:00:00,1.376,1.2384,1.5,0.166,1000000,3000000,0,5000000,0.068,0.15
2009-06-13 00:00:00,1.379,1.2411,1.5,0.166,1000000,3000000,0,5000000,0.068,0.15
2009-06-20 00:00:00,1.381,1.2429,1.5,0.166,1000000,3000000,0,5000000,0.068,0.15
2009-06-27 00:00:00,1.382,1.2438,1.5,0.166,1000000,3000000,0,5000000,0.068,0.15
2009-07-04 00:00:00,1.383,1.2447,1.5,0.166,1000000,3000000,0,5000000,0.068,0.15
2009-07-11 00:00:00,1.382,1.2438,1.5,0.166,1000000,3000000,0,5000000,0.068,0.15
2009-07-18 00:00:00,1.38,1.242,1.5,0.166,1000000,3000000,0,5000000,0.068,0.15
2009-07-25 00:00:00,1.377,1.2393,1.5,0.166,1000000,3000000,0,5000000,0.068,0.15
2009-08-01 00:00:00,1.374,1.2366,1.5,0.166,1000000,3000000,0,5000000,0.068,0.15
2009-08-08 00:00:00,1.37,1.233,1.5,0.166,1000000,3000000,0,5000000,0.068,0.15
2009-08-15 00:00:00,1.367,1.2303,1.5,0.166,1000000,3000000,0,5000000,0.068,0.15
2009-08-22 00:00:00,1.361,1.2249,1.5,0.166,1000000,3000000,0,5000000,0.068,0.15
2009-08-29 00:00:00,1.355,1.2195,1.5,0.166,1000000,3000000,0,5000000,0.068,0.15
2009-09-05 00:00:00,1.348,1.2132,1.5,0.166,1000000,3000000,0,5000000,0.068,0.15
2009-09-12 00:00:00,1.341,1.2069,1.5,0.166,1000000,3000000,0,5000000,0.068,0.15
2009-09-19 00:00:00,1.333,1.1997,1.5,0.166,1000000,3000000,0,5000000,0.068,0.15
2009-09-26 00:00:00,1.326,1.1934,1.5,0.166,1000000,3000000,0,5000000,0.068,0.15
2009-10-03 00:00:00,1.319,1.1871,1.5,0.166,1000000,3000000,0,5000000,0.068,0.15
2009-10-10 00:00:00,1.312,1.1808,1.5,0.166,1000000,3000000,0,5000000,0.068,0.15
2009-10-17 00:00:00,1.304,1.1736,1.5,0.166,1000000,3000000,0,5000000,0.068,0.15
2009-10-24 00:00:00,1.298,1.1682,1.5,0.166,1000000,3000000,0,5000000,0.068,0.15
2009-10-31 00:00:00,1.291,1.1619,1.5,0.166,1000000,3000000,0,5000000,0.068,0.15
2009-11-07 00:00:00,1.285,1.1565,1.5,0.166,1000000,3000000,0,5000000,0.068,0.15
2009-11-14 00:00:00,1.28,1.152,1.5,0.166,1000000,3000000,0,5000000,0.068,0.15
2009-11-21 00:00:00,1.274,1.1466,1.5,0.166,1000000,3000000,0,5000000,0.068,0.15
2009-11-28 00:00:00,1.269,1.1421,1.5,0.166,1000000,3000000,0,5000000,0.068,0.15
2009-12-05 00:00:00,1.266,1.1394,1.5,0.166,1000000,3000000,0,5000000,0.068,0.15
2009-12-12 00:00:00,1.265,1.1385,1.5,0.166,1000000,3000000,0,5000000,0.068,0.15
2009-12-19 00:00:00,1.265,1.1385,1.5,0.166,1000000,3000000,0,5000000,0.068,0.15
2009-12-26 00:00:00,1.266,1.1394,1.5,0.166,1000000,3000000,0,5000000,0.068,0.15
